t,track_id,x_pix,y_pix,z_m,d_pix
1758630081.404362,1,613,459,7.917,36
1758630081.451701,1,630,417,7.125,40
1758630081.451701,1,630,417,7.125,40
1758630081.5324357,1,620,358,5.182,55
1758630081.5820596,1,621,345,5.182,55
1758630081.5820596,2,550,454,4.130,69
1758630081.613131,1,621,336,4.191,68
1758630081.5820596,2,550,454,4.130,69
1758630081.613131,3,586,341,8.636,33
1758630081.659535,1,621,341,4.750,60
1758630081.5820596,2,550,454,4.130,69
1758630081.659535,3,589,342,9.500,30
1758630081.6929064,1,616,346,4.597,62
1758630081.5820596,2,550,454,4.130,69
1758630081.6929064,3,563,388,10.556,27
1758630081.7430582,1,623,350,4.914,58
1758630081.5820596,2,550,454,4.130,69
1758630081.7430582,3,594,352,8.382,34
1758630081.772097,1,624,354,5.000,57
1758630081.5820596,2,550,454,4.130,69
1758630081.772097,3,595,356,8.906,32
1758630081.8223908,1,625,355,4.385,65
1758630081.5820596,2,550,454,4.130,69
1758630081.8223908,3,596,359,8.636,33
1758630081.869595,1,618,360,5.000,57
1758630081.5820596,2,550,454,4.130,69
1758630081.869595,3,573,402,8.382,34
1758630081.9006286,1,629,360,5.182,55
1758630081.5820596,2,550,454,4.130,69
1758630081.9006286,3,576,403,8.636,33
1758630081.9006286,4,596,385,8.906,32
1758630081.9006286,5,603,362,8.636,33
1758630081.9499826,1,631,355,8.636,33
1758630081.5820596,2,550,454,4.130,69
1758630081.9006286,3,576,403,8.636,33
1758630081.9499826,4,600,384,3.519,81
1758630081.9006286,5,603,362,8.636,33
1758630081.9499826,1,631,355,8.636,33
1758630081.5820596,2,550,454,4.130,69
1758630081.9006286,3,576,403,8.636,33
1758630081.9811742,4,603,385,3.434,83
1758630081.9006286,5,603,362,8.636,33
1758630081.9499826,1,631,355,8.636,33
1758630081.5820596,2,550,454,4.130,69
1758630081.9006286,3,576,403,8.636,33
1758630082.0279891,4,606,386,3.434,83
1758630081.9006286,5,603,362,8.636,33
1758630081.9499826,1,631,355,8.636,33
1758630081.5820596,2,550,454,4.130,69
1758630081.9006286,3,576,403,8.636,33
1758630082.0606842,4,607,386,3.393,84
1758630081.9006286,5,603,362,8.636,33
1758630081.9499826,1,631,355,8.636,33
1758630081.5820596,2,550,454,4.130,69
1758630081.9006286,3,576,403,8.636,33
1758630082.1092558,4,608,387,3.476,82
1758630081.9006286,5,603,362,8.636,33
1758630081.9499826,1,631,355,8.636,33
1758630081.5820596,2,550,454,4.130,69
1758630081.9006286,3,576,403,8.636,33
1758630082.156656,4,608,393,2.767,103
1758630081.9006286,5,603,362,8.636,33
1758630081.9499826,1,631,355,8.636,33
1758630081.5820596,2,550,454,4.130,69
1758630081.9006286,3,576,403,8.636,33
1758630082.1893666,4,611,392,2.822,101
1758630081.9006286,5,603,362,8.636,33
1758630081.9499826,1,631,355,8.636,33
1758630082.237,2,600,463,8.143,35
1758630081.9006286,3,576,403,8.636,33
1758630082.237,4,613,385,3.032,94
1758630081.9006286,5,603,362,8.636,33
1758630081.9499826,1,631,355,8.636,33
1758630082.2687218,2,606,457,6.951,41
1758630081.9006286,3,576,403,8.636,33
1758630082.2687218,4,616,382,3.000,95
1758630081.9006286,5,603,362,8.636,33
1758630081.9499826,1,631,355,8.636,33
1758630082.3168619,2,615,453,5.700,50
1758630081.9006286,3,576,403,8.636,33
1758630082.3168619,4,606,393,3.654,78
1758630081.9006286,5,603,362,8.636,33
1758630081.9499826,1,631,355,8.636,33
1758630082.348455,2,625,452,5.481,52
1758630081.9006286,3,576,403,8.636,33
1758630082.348455,4,611,393,4.191,68
1758630081.9006286,5,603,362,8.636,33
1758630081.9499826,1,631,355,8.636,33
1758630082.348455,2,625,452,5.481,52
1758630081.9006286,3,576,403,8.636,33
1758630082.396021,4,620,406,2.664,107
1758630081.9006286,5,603,362,8.636,33
1758630081.9499826,1,631,355,8.636,33
1758630082.348455,2,625,452,5.481,52
1758630081.9006286,3,576,403,8.636,33
1758630082.4279583,4,622,403,3.032,94
1758630081.9006286,5,603,362,8.636,33
1758630081.9499826,1,631,355,8.636,33
1758630082.348455,2,625,452,5.481,52
1758630081.9006286,3,576,403,8.636,33
1758630082.477383,4,624,403,3.314,86
1758630081.9006286,5,603,362,8.636,33
1758630081.9499826,1,631,355,8.636,33
1758630082.348455,2,625,452,5.481,52
1758630081.9006286,3,576,403,8.636,33
1758630082.5260296,4,625,403,3.434,83
1758630081.9006286,5,603,362,8.636,33
1758630081.9499826,1,631,355,8.636,33
1758630082.348455,2,625,452,5.481,52
1758630081.9006286,3,576,403,8.636,33
1758630082.556527,4,625,402,3.608,79
1758630081.9006286,5,603,362,8.636,33
1758630081.9499826,1,631,355,8.636,33
1758630082.348455,2,625,452,5.481,52
1758630081.9006286,3,576,403,8.636,33
1758630082.6055984,4,626,402,3.701,77
1758630081.9006286,5,603,362,8.636,33
1758630081.9499826,1,631,355,8.636,33
1758630082.348455,2,625,452,5.481,52
1758630081.9006286,3,576,403,8.636,33
1758630082.6378193,4,626,400,3.750,76
1758630081.9006286,5,603,362,8.636,33
1758630081.9499826,1,631,355,8.636,33
1758630082.348455,2,625,452,5.481,52
1758630081.9006286,3,576,403,8.636,33
1758630082.6860058,4,624,403,3.562,80
1758630081.9006286,5,603,362,8.636,33
1758630081.9499826,1,631,355,8.636,33
1758630082.348455,2,625,452,5.481,52
1758630081.9006286,3,576,403,8.636,33
1758630082.7170944,4,620,407,2.767,103
1758630081.9006286,5,603,362,8.636,33
1758630081.9499826,1,631,355,8.636,33
1758630082.348455,2,625,452,5.481,52
1758630081.9006286,3,576,403,8.636,33
1758630082.76422,4,615,410,2.615,109
1758630081.9006286,5,603,362,8.636,33
1758630081.9499826,1,631,355,8.636,33
1758630082.8143828,2,614,450,4.914,58
1758630081.9006286,3,576,403,8.636,33
1758630082.8143828,4,613,386,4.071,70
1758630081.9006286,5,603,362,8.636,33
1758630081.9499826,1,631,355,8.636,33
1758630082.8448744,2,602,454,6.628,43
1758630081.9006286,3,576,403,8.636,33
1758630082.8448744,4,605,390,3.314,86
1758630081.9006286,5,603,362,8.636,33
1758630081.9499826,1,631,355,8.636,33
1758630082.8448744,2,602,454,6.628,43
1758630081.9006286,3,576,403,8.636,33
1758630082.8924513,4,610,377,3.904,73
1758630081.9006286,5,603,362,8.636,33
1758630081.9499826,1,631,355,8.636,33
1758630082.8448744,2,602,454,6.628,43
1758630082.9238822,4,594,380,4.750,60
1758630082.9739585,1,626,360,6.628,43
1758630082.8448744,2,602,454,6.628,43
1758630082.9739585,4,563,392,6.628,43
1758630083.005295,1,620,364,4.385,65
1758630082.8448744,2,602,454,6.628,43
1758630082.9739585,4,563,392,6.628,43
1758630083.0547135,1,612,364,3.958,72
1758630082.8448744,2,602,454,6.628,43
1758630082.9739585,4,563,392,6.628,43
1758630083.1016197,1,603,369,3.202,89
1758630082.8448744,2,602,454,6.628,43
1758630082.9739585,4,563,392,6.628,43
1758630083.1315417,1,591,370,2.938,97
1758630082.8448744,2,602,454,6.628,43
1758630082.9739585,4,563,392,6.628,43
1758630083.1818628,1,579,371,3.000,95
1758630082.8448744,2,602,454,6.628,43
1758630082.9739585,4,563,392,6.628,43
1758630083.2116318,1,569,372,2.969,96
1758630082.8448744,2,602,454,6.628,43
1758630082.9739585,4,563,392,6.628,43
1758630083.2597167,1,560,374,3.065,93
1758630082.8448744,2,602,454,6.628,43
1758630082.9739585,4,563,392,6.628,43
1758630083.2919507,1,552,376,3.032,94
1758630082.8448744,2,602,454,6.628,43
1758630082.9739585,4,563,392,6.628,43
1758630083.3394468,1,545,380,3.065,93
1758630082.8448744,2,602,454,6.628,43
1758630082.9739585,4,563,392,6.628,43
1758630083.3724606,1,539,382,3.065,93
1758630082.8448744,2,602,454,6.628,43
1758630082.9739585,4,563,392,6.628,43
1758630083.4193923,1,533,383,3.098,92
1758630082.8448744,2,602,454,6.628,43
1758630082.9739585,4,563,392,6.628,43
1758630083.4681828,1,529,384,3.167,90
1758630082.8448744,2,602,454,6.628,43
1758630082.9739585,4,563,392,6.628,43
1758630083.5002844,1,528,385,3.098,92
1758630082.8448744,2,602,454,6.628,43
1758630082.9739585,4,563,392,6.628,43
1758630083.548435,1,525,384,3.132,91
1758630082.8448744,2,602,454,6.628,43
1758630082.9739585,4,563,392,6.628,43
1758630083.5812583,1,522,382,3.202,89
1758630082.8448744,2,602,454,6.628,43
1758630082.9739585,4,563,392,6.628,43
1758630083.6295521,1,521,382,3.239,88
1758630082.8448744,2,602,454,6.628,43
1758630082.9739585,4,563,392,6.628,43
1758630083.6596882,1,528,382,4.191,68
1758630082.8448744,2,602,454,6.628,43
1758630082.9739585,4,563,392,6.628,43
1758630083.706923,1,528,378,4.750,60
1758630082.8448744,2,602,454,6.628,43
1758630082.9739585,4,563,392,6.628,43
1758630083.754981,1,531,372,4.831,59
1758630082.8448744,2,602,454,6.628,43
1758630082.9739585,4,563,392,6.628,43
1758630083.7870593,1,529,364,4.453,64
1758630082.8448744,2,602,454,6.628,43
1758630082.9739585,4,563,392,6.628,43
1758630083.8350482,1,535,355,4.524,63
1758630082.8448744,2,602,454,6.628,43
1758630082.9739585,4,563,392,6.628,43
1758630083.8671143,1,536,345,3.958,72
1758630082.9739585,4,563,392,6.628,43
1758630083.9155183,1,539,339,4.014,71
1758630082.9739585,4,563,392,6.628,43
1758630083.947056,1,541,332,4.071,70
1758630082.9739585,4,563,392,6.628,43
1758630083.994989,1,537,326,3.202,89
1758630084.0427825,1,541,323,3.904,73
1758630084.0749626,1,541,320,3.098,92
1758630084.12321,1,543,319,3.098,92
1758630084.155248,1,546,319,3.098,92
1758630084.155248,2,482,446,10.179,28
1758630084.2031324,1,549,319,3.098,92
1758630084.2031324,2,484,444,7.500,38
1758630084.235122,1,555,319,3.098,92
1758630084.235122,2,483,436,4.831,59
1758630084.2828417,1,562,318,3.098,92
1758630084.2828417,2,489,433,4.750,60
1758630084.315393,1,571,317,3.032,94
1758630084.2828417,2,489,433,4.750,60
1758630084.362972,1,580,315,3.032,94
1758630084.362972,2,507,434,4.453,64
1758630084.4110415,1,588,315,3.000,95
1758630084.4110415,2,502,412,2.767,103
1758630084.443406,1,596,314,2.969,96
1758630084.443406,2,508,411,2.615,109
1758630084.443406,3,508,344,5.182,55
1758630084.4914107,1,600,312,3.098,92
1758630084.4914107,2,511,407,2.591,110
1758630084.4914107,3,513,347,8.143,35
1758630084.5231407,1,602,311,3.167,90
1758630084.5231407,2,516,410,2.664,107
1758630084.5231407,3,524,355,5.938,48
1758630084.5713534,1,603,311,3.202,89
1758630084.5713534,2,515,405,2.591,110
1758630084.5713534,3,520,344,9.194,31
1758630084.6032205,1,602,310,3.202,89
1758630084.6032205,2,517,408,2.591,110
1758630084.6032205,3,534,330,4.071,70
1758630084.6508293,1,602,310,3.202,89
1758630084.6508293,2,517,409,2.568,111
1758630084.6508293,3,529,346,4.672,61
1758630084.6988583,1,602,310,3.202,89
1758630084.6988583,2,515,407,2.545,112
1758630084.6988583,3,528,345,4.597,62
1758630084.7328424,1,601,311,3.132,91
1758630084.7328424,2,513,408,2.545,112
1758630084.7328424,3,523,351,5.278,54
1758630084.7823637,1,599,311,3.032,94
1758630084.7823637,2,510,406,2.478,115
1758630084.7823637,3,518,342,8.906,32
1758630084.8130574,1,598,311,2.969,96
1758630084.8130574,2,509,408,2.522,113
1758630084.8130574,3,515,343,10.556,27
1758630084.8604095,1,596,310,2.969,96
1758630084.8604095,2,508,407,2.500,114
1758630084.8604095,3,518,352,5.700,50
1758630084.8919988,1,596,310,2.969,96
1758630084.8919988,2,509,407,2.568,111
1758630084.8919988,3,517,351,5.700,50
1758630084.941634,1,598,307,3.065,93
1758630084.941634,2,511,405,2.615,109
1758630084.941634,3,523,335,6.064,47
1758630084.9720929,1,601,303,3.202,89
1758630084.9720929,2,514,400,2.664,107
1758630084.9720929,3,533,322,4.071,70
1758630085.0205667,1,604,300,3.276,87
1758630085.0205667,2,518,398,2.568,111
1758630085.0205667,3,529,338,4.597,62
1758630085.069855,1,604,298,3.314,86
1758630085.069855,2,520,394,2.689,106
1758630085.069855,3,537,326,3.167,90
1758630085.1009135,1,605,298,3.314,86
1758630085.1009135,2,520,395,2.568,111
1758630085.1009135,3,537,325,3.202,89
1758630085.1506069,1,605,298,3.314,86
1758630085.1506069,2,517,393,2.500,114
1758630085.1506069,3,531,334,4.597,62
1758630085.1817763,1,602,299,3.202,89
1758630085.1817763,2,514,393,2.457,116
1758630085.1817763,3,525,342,5.377,53
1758630085.2284205,1,602,300,3.132,91
1758630085.2284205,2,514,397,2.639,108
1758630085.2284205,3,524,343,5.481,52
1758630085.259883,1,599,301,3.032,94
1758630085.259883,2,511,397,2.615,109
1758630085.259883,3,520,340,5.938,48
1758630085.3102474,1,597,300,3.032,94
1758630085.3102474,2,510,396,2.639,108
1758630085.3102474,3,519,342,5.816,49
1758630085.3562403,1,597,300,3.000,95
1758630085.3562403,2,511,397,2.615,109
1758630085.3562403,3,519,342,5.481,52
1758630085.3887546,1,599,300,3.065,93
1758630085.3887546,2,517,405,3.353,85
1758630085.3887546,3,520,342,5.816,49
1758630085.438674,1,601,300,3.202,89
1758630085.438674,2,515,395,2.568,111
1758630085.438674,3,521,338,5.700,50
1758630085.4683437,1,603,299,3.314,86
1758630085.4683437,2,519,395,2.689,106
1758630085.4683437,3,530,332,4.750,60
1758630085.5182219,1,606,299,3.393,84
1758630085.5182219,2,521,396,2.664,107
1758630085.5182219,3,532,332,4.524,63
1758630085.5182219,4,555,300,8.143,35
1758630085.5501044,1,601,299,2.879,99
1758630085.5501044,2,519,392,2.500,114
1758630085.5501044,3,533,333,4.524,63
1758630085.5182219,4,555,300,8.143,35
1758630085.596639,1,601,299,2.850,100
1758630085.596639,2,520,393,2.500,114
1758630085.596639,3,533,332,4.453,64
1758630085.5182219,4,555,300,8.143,35
1758630085.643865,1,606,299,3.353,85
1758630085.643865,2,520,393,2.478,115
1758630085.643865,3,534,333,4.524,63
1758630085.643865,4,556,301,7.917,36
1758630085.676448,1,606,299,3.314,86
1758630085.676448,2,519,392,2.457,116
1758630085.676448,3,534,333,4.524,63
1758630085.643865,4,556,301,7.917,36
1758630085.7246933,1,604,300,3.353,85
1758630085.7246933,2,518,392,2.478,115
1758630085.7246933,3,533,333,4.453,64
1758630085.643865,4,556,301,7.917,36
1758630085.7555895,1,605,299,3.314,86
1758630085.7555895,2,517,393,2.457,116
1758630085.7555895,3,533,333,4.750,60
1758630085.643865,4,556,301,7.917,36
1758630085.8069193,1,604,300,3.314,86
1758630085.8069193,2,517,392,2.457,116
1758630085.8069193,3,528,343,5.182,55
1758630085.643865,4,556,301,7.917,36
1758630085.8368258,1,604,300,3.314,86
1758630085.8368258,2,517,393,2.478,115
1758630085.8368258,3,533,335,4.672,61
1758630085.643865,4,556,301,7.917,36
1758630085.8864408,1,603,300,3.314,86
1758630085.8864408,2,517,394,2.457,116
1758630085.8864408,3,532,334,4.597,62
1758630085.643865,4,556,301,7.917,36
1758630085.9172733,1,603,301,3.276,87
1758630085.9172733,2,517,393,2.457,116
1758630085.9172733,3,532,336,4.524,63
1758630085.643865,4,556,301,7.917,36
1758630085.9641306,1,604,301,3.276,87
1758630085.9641306,2,517,394,2.436,117
1758630085.9641306,3,533,335,4.453,64
1758630085.643865,4,556,301,7.917,36
1758630086.0141406,1,604,302,3.314,86
1758630086.0141406,2,518,393,2.436,117
1758630086.0141406,3,533,337,4.524,63
1758630085.643865,4,556,301,7.917,36
1758630086.0443077,1,604,302,3.353,85
1758630086.0443077,2,520,397,2.522,113
1758630086.0443077,3,534,334,4.524,63
1758630085.643865,4,556,301,7.917,36
1758630086.094021,1,601,302,2.850,100
1758630086.094021,2,519,393,2.478,115
1758630086.094021,3,534,334,4.453,64
1758630085.643865,4,556,301,7.917,36
1758630086.1242154,1,600,302,2.850,100
1758630086.1242154,2,519,393,2.478,115
1758630086.1242154,3,535,334,4.385,65
1758630085.643865,4,556,301,7.917,36
1758630086.1720214,1,601,301,2.850,100
1758630086.1720214,2,519,393,2.457,116
1758630086.1720214,3,535,334,4.318,66
1758630085.643865,4,556,301,7.917,36
1758630086.2045474,1,584,310,2.111,135
1758630086.2045474,2,520,394,2.436,117
1758630086.1720214,3,535,334,4.318,66
1758630085.643865,4,556,301,7.917,36
1758630086.252436,1,601,301,2.879,99
1758630086.252436,2,521,394,2.457,116
1758630086.252436,3,536,335,4.318,66
1758630085.643865,4,556,301,7.917,36
1758630086.301228,1,585,310,2.143,133
1758630086.301228,2,521,393,2.457,116
1758630086.252436,3,536,335,4.318,66
1758630085.643865,4,556,301,7.917,36
1758630086.3329442,1,585,310,2.159,132
1758630086.3329442,2,522,394,2.415,118
1758630086.252436,3,536,335,4.318,66
1758630085.643865,4,556,301,7.917,36
1758630086.3820338,1,585,310,2.143,133
1758630086.3820338,2,521,394,2.457,116
1758630086.252436,3,536,335,4.318,66
1758630085.643865,4,556,301,7.917,36
1758630086.4144895,1,586,309,2.143,133
1758630086.4144895,2,522,395,2.500,114
1758630086.252436,3,536,335,4.318,66
1758630085.643865,4,556,301,7.917,36
1758630086.462608,1,585,309,2.127,134
1758630086.462608,2,521,394,2.457,116
1758630086.252436,3,536,335,4.318,66
1758630085.643865,4,556,301,7.917,36
1758630086.492895,1,606,301,3.393,84
1758630086.492895,2,521,395,2.457,116
1758630086.492895,3,536,334,4.385,65
1758630085.643865,4,556,301,7.917,36
1758630086.539377,1,606,301,3.393,84
1758630086.539377,2,522,395,2.545,112
1758630086.539377,3,535,334,4.453,64
1758630085.643865,4,556,301,7.917,36
1758630086.5900354,1,605,301,3.393,84
1758630086.5900354,2,521,394,2.457,116
1758630086.5900354,3,535,334,4.453,64
1758630085.643865,4,556,301,7.917,36
1758630086.621349,1,605,301,3.393,84
1758630086.621349,2,522,396,2.568,111
1758630086.621349,3,536,334,4.453,64
1758630085.643865,4,556,301,7.917,36
1758630086.6672428,1,606,301,3.393,84
1758630086.6672428,2,521,393,2.478,115
1758630086.6672428,3,535,333,4.453,64
1758630086.6998863,1,601,301,2.879,99
1758630086.6998863,2,527,366,2.159,132
1758630086.6672428,3,535,333,4.453,64
1758630086.7472396,1,605,298,3.476,82
1758630086.7472396,2,528,365,2.176,131
1758630086.6672428,3,535,333,4.453,64
1758630086.7788668,1,608,299,3.701,77
1758630086.7788668,2,524,390,2.500,114
1758630086.7788668,3,538,332,4.385,65
1758630086.8300743,1,611,298,3.851,74
1758630086.7788668,2,524,390,2.500,114
1758630086.8300743,3,537,359,1.851,154
1758630086.8603594,1,614,296,4.014,71
1758630086.7788668,2,524,390,2.500,114
1758630086.8603594,3,541,365,2.262,126
1758630086.9087243,1,619,295,4.130,69
1758630086.9087243,2,549,390,2.522,113
1758630086.9087243,3,550,324,4.385,65
1758630086.955742,1,618,297,3.904,73
1758630086.955742,2,581,419,9.500,30
1758630086.955742,3,548,331,4.831,59
1758630086.9892561,1,593,311,2.478,115
1758630086.9892561,2,597,418,9.500,30
1758630086.955742,3,548,331,4.831,59
1758630087.038717,1,600,314,3.276,87
1758630087.038717,2,612,416,9.828,29
1758630086.955742,3,548,331,4.831,59
1758630087.0686567,1,609,314,3.202,89
1758630087.0686567,2,626,412,5.700,50
1758630086.955742,3,548,331,4.831,59
1758630087.117521,1,611,320,4.254,67
1758630087.0686567,2,626,412,5.700,50
1758630086.955742,3,548,331,4.831,59
1758630087.1497297,1,616,321,5.278,54
1758630087.1497297,2,628,377,6.477,44
1758630086.955742,3,548,331,4.831,59
1758630087.1952639,1,623,336,3.167,90
1758630087.1497297,2,628,377,6.477,44
1758630086.955742,3,548,331,4.831,59
1758630087.2433026,1,624,336,3.608,79
1758630087.1497297,2,628,377,6.477,44
1758630086.955742,3,548,331,4.831,59
1758630087.2758274,1,625,336,3.608,79
1758630087.1497297,2,628,377,6.477,44
1758630086.955742,3,548,331,4.831,59
1758630087.3231027,1,623,336,3.608,79
1758630087.1497297,2,628,377,6.477,44
1758630086.955742,3,548,331,4.831,59
1758630087.355103,1,621,339,2.969,96
1758630087.1497297,2,628,377,6.477,44
1758630086.955742,3,548,331,4.831,59
1758630087.4032722,1,611,317,4.597,62
1758630087.1497297,2,628,377,6.477,44
1758630086.955742,3,548,331,4.831,59
1758630087.4363456,1,611,310,3.562,80
1758630087.1497297,2,628,377,6.477,44
1758630086.955742,3,548,331,4.831,59
1758630087.4843507,1,597,311,3.098,92
1758630087.1497297,2,628,377,6.477,44
1758630086.955742,3,548,331,4.831,59
1758630087.5177298,1,627,294,7.917,36
1758630087.1497297,2,628,377,6.477,44
1758630087.5177298,3,564,317,3.958,72
1758630087.563942,1,612,297,5.182,55
1758630087.1497297,2,628,377,6.477,44
1758630087.5177298,3,564,317,3.958,72
1758630087.6131508,1,607,322,7.703,37
1758630087.1497297,2,628,377,6.477,44
1758630087.6131508,3,584,301,4.750,60
1758630087.6131508,1,607,322,7.703,37
1758630087.1497297,2,628,377,6.477,44
1758630087.6447442,3,567,310,3.654,78
1758630087.6131508,1,607,322,7.703,37
1758630087.1497297,2,628,377,6.477,44
1758630087.6913135,3,549,313,3.608,79
1758630087.6131508,1,607,322,7.703,37
1758630087.1497297,2,628,377,6.477,44
1758630087.724309,3,536,313,3.476,82
1758630087.6131508,1,607,322,7.703,37
1758630087.1497297,2,628,377,6.477,44
1758630087.7737126,3,529,311,3.562,80
1758630087.6131508,1,607,322,7.703,37
1758630087.1497297,2,628,377,6.477,44
1758630087.8046687,3,527,308,3.519,81
1758630087.6131508,1,607,322,7.703,37
1758630087.1497297,2,628,377,6.477,44
1758630087.8544576,3,534,305,5.182,55
1758630087.6131508,1,607,322,7.703,37
1758630087.1497297,2,628,377,6.477,44
1758630087.9004934,3,533,299,4.914,58
1758630087.6131508,1,607,322,7.703,37
1758630087.1497297,2,628,377,6.477,44
1758630087.9317632,3,530,296,4.524,63
1758630087.6131508,1,607,322,7.703,37
1758630087.1497297,2,628,377,6.477,44
1758630087.9815814,3,534,293,5.089,56
1758630087.6131508,1,607,322,7.703,37
1758630087.1497297,2,628,377,6.477,44
1758630088.0116527,3,531,290,4.524,63
1758630087.6131508,1,607,322,7.703,37
1758630087.1497297,2,628,377,6.477,44
1758630088.0605907,3,532,287,5.089,56
1758630087.6131508,1,607,322,7.703,37
1758630087.1497297,2,628,377,6.477,44
1758630088.0920987,3,529,287,5.000,57
1758630087.6131508,1,607,322,7.703,37
1758630087.1497297,2,628,377,6.477,44
1758630088.1410062,3,528,286,5.000,57
1758630087.6131508,1,607,322,7.703,37
1758630088.1887617,3,527,285,5.182,55
1758630087.6131508,1,607,322,7.703,37
1758630088.219651,3,526,284,5.182,55
1758630087.6131508,1,607,322,7.703,37
1758630088.2700849,3,524,284,5.182,55
1758630087.6131508,1,607,322,7.703,37
1758630088.3001466,3,524,284,5.377,53
1758630087.6131508,1,607,322,7.703,37
1758630088.3475697,3,523,283,5.588,51
1758630087.6131508,1,607,322,7.703,37
1758630088.3801606,3,522,284,5.588,51
1758630087.6131508,1,607,322,7.703,37
1758630088.428886,3,522,285,5.588,51
1758630087.6131508,1,607,322,7.703,37
1758630088.462726,3,521,284,5.377,53
1758630087.6131508,1,607,322,7.703,37
1758630088.5090578,3,521,285,5.588,51
1758630087.6131508,1,607,322,7.703,37
1758630088.5566123,3,519,285,5.481,52
1758630087.6131508,1,607,322,7.703,37
1758630088.5888538,3,521,284,5.377,53
1758630088.637717,3,518,283,5.089,56
1758630088.6700149,3,519,282,5.089,56
1758630088.7188265,3,521,280,4.750,60
1758630088.7481,3,520,278,3.608,79
1758630088.7978566,3,520,276,3.654,78
1758630088.8453825,3,519,276,3.608,79
1758630088.8758981,3,519,275,3.701,77
1758630088.9272733,3,520,275,3.608,79
1758630088.9576917,3,519,274,3.701,77
1758630089.0050094,3,518,273,3.654,78
1758630089.036614,3,516,273,3.800,75
1758630089.084207,3,516,274,3.800,75
1758630089.1338842,3,516,273,3.750,76
1758630089.1657193,3,516,273,3.750,76
1758630089.2131531,3,516,274,3.701,77
1758630089.2446716,3,516,273,3.654,78
1758630089.2945585,3,516,273,3.701,77
1758630089.3237824,3,516,273,3.750,76
1758630089.3721497,3,516,273,3.701,77
1758630089.4045923,3,516,273,3.701,77
1758630089.4518864,3,517,274,3.654,78
1758630089.5005937,3,518,274,3.701,77
1758630089.5335388,3,519,275,3.654,78
1758630089.5802064,3,520,274,3.562,80
1758630089.611903,3,521,274,3.608,79
1758630089.6612513,3,521,273,3.562,80
1758630089.6918364,3,521,273,3.519,81
1758630089.7427647,3,521,272,3.519,81
1758630089.787755,3,522,272,3.562,80
1758630089.8198965,3,522,272,3.519,81
1758630089.8705003,3,521,272,3.562,80
1758630089.9018526,3,521,272,3.519,81
1758630089.9487882,3,522,272,3.519,81
1758630089.9822445,3,522,273,3.519,81
1758630090.0285916,3,522,273,3.519,81
1758630090.0604863,3,522,273,3.562,80
1758630090.1085792,3,525,273,3.608,79
1758630090.1589835,3,528,272,3.519,81
1758630090.1894782,3,532,272,3.519,81
1758630090.2370682,3,535,272,3.434,83
1758630090.2682028,3,537,270,3.476,82
1758630090.3175964,3,538,269,3.476,82
1758630090.3502793,3,537,267,3.519,81
1758630090.3955297,3,537,266,3.476,82
1758630090.446002,3,537,266,3.476,82
1758630090.4780183,3,536,267,3.562,80
1758630090.5237665,3,535,269,3.608,79
1758630090.5568726,3,534,271,3.562,80
1758630090.603502,3,535,275,3.476,82
1758630090.636402,3,533,277,3.476,82
1758630090.6841583,3,532,280,3.519,81
1758630090.7328875,3,532,282,3.476,82
1758630090.7649646,3,532,283,3.476,82
1758630090.8134136,3,534,283,3.476,82
1758630090.8456988,3,535,281,3.476,82
1758630090.8933477,3,536,278,3.519,81
1758630090.9244726,3,537,276,3.519,81
1758630090.9737146,3,536,272,3.562,80
1758630091.0041685,3,535,267,3.608,79
1758630091.0533085,3,534,264,3.608,79
1758630091.1021109,3,532,258,3.654,78
1758630091.1324334,3,530,256,3.562,80
1758630091.1824846,3,528,254,3.608,79
1758630091.2114131,3,526,252,3.701,77
1758630091.2602031,3,525,252,3.654,78
1758630091.2934716,3,526,255,3.750,76
1758630091.3406196,3,528,258,3.750,76
1758630091.3904357,3,530,264,3.654,78
1758630091.4208431,3,533,269,3.701,77
1758630091.4700422,3,536,275,3.608,79
1758630091.5004933,3,539,280,3.562,80
1758630091.5004933,4,469,380,5.182,55
1758630091.550562,3,542,284,3.434,83
1758630091.550562,4,470,381,4.672,61
1758630091.5798044,3,545,286,3.434,83
1758630091.5798044,4,472,382,4.014,71
1758630091.6281846,3,547,285,3.476,82
1758630091.6281846,4,474,381,3.851,74
1758630091.6787405,3,548,285,3.393,84
1758630091.6787405,4,475,381,4.130,69
1758630091.7077885,3,549,284,3.434,83
1758630091.7077885,4,480,386,5.481,52
1758630091.7577195,3,549,282,3.434,83
1758630091.7577195,4,477,379,4.191,68
1758630091.7882345,3,549,282,3.519,81
1758630091.7882345,4,478,380,4.597,62
1758630091.8370638,3,548,281,3.519,81
1758630091.8370638,4,477,379,4.524,63
1758630091.8683221,3,548,281,3.434,83
1758630091.8683221,4,478,380,4.524,63
1758630091.9196134,3,548,281,3.434,83
1758630091.9196134,4,476,378,4.524,63
1758630091.9196134,5,478,319,7.125,40
1758630091.9479005,3,547,281,3.434,83
1758630091.9479005,4,476,378,4.597,62
1758630091.9196134,5,478,319,7.125,40
1758630091.997185,3,547,281,3.434,83
1758630091.997185,4,475,377,4.597,62
1758630091.9196134,5,478,319,7.125,40
1758630092.0445557,3,546,281,3.434,83
1758630092.0445557,4,476,380,4.672,61
1758630091.9196134,5,478,319,7.125,40
1758630092.0784242,3,546,281,3.434,83
1758630092.0784242,4,475,378,4.453,64
1758630091.9196134,5,478,319,7.125,40
1758630092.1266181,3,546,281,3.519,81
1758630092.1266181,4,474,376,4.318,66
1758630091.9196134,5,478,319,7.125,40
1758630092.1589363,3,546,281,3.476,82
1758630092.1589363,4,474,377,4.318,66
1758630091.9196134,5,478,319,7.125,40
1758630092.2036693,3,546,280,3.476,82
1758630092.2036693,4,474,376,4.254,67
1758630091.9196134,5,478,319,7.125,40
1758630092.2358482,3,548,280,3.434,83
1758630092.2358482,4,477,377,4.597,62
1758630091.9196134,5,478,319,7.125,40
1758630092.2853942,3,551,280,3.434,83
1758630092.2853942,4,481,377,5.000,57
1758630091.9196134,5,478,319,7.125,40
1758630092.3332834,3,556,279,3.434,83
1758630092.3332834,4,483,373,4.130,69
1758630091.9196134,5,478,319,7.125,40
1758630092.3649504,3,563,279,3.476,82
1758630092.3649504,4,489,372,3.851,74
1758630091.9196134,5,478,319,7.125,40
1758630092.414989,3,570,279,3.434,83
1758630092.414989,4,495,366,3.132,91
1758630092.414989,5,516,285,7.125,40
1758630092.4456704,3,580,278,3.434,83
1758630092.4456704,4,508,370,4.318,66
1758630092.4456704,5,502,304,5.481,52
1758630092.494653,3,589,277,3.476,82
1758630092.494653,4,517,367,4.130,69
1758630092.494653,5,505,302,6.333,45
1758630092.5256402,3,599,275,3.434,83
1758630092.5256402,4,537,381,9.194,31
1758630092.5256402,5,520,299,5.377,53
1758630092.5737534,3,607,272,3.654,78
1758630092.5737534,4,543,376,7.703,37
1758630092.5737534,5,537,287,4.014,71
1758630092.605244,3,611,270,3.958,72
1758630092.605244,4,544,363,3.750,76
1758630092.605244,5,541,290,3.434,83
1758630092.6524594,3,615,267,4.597,62
1758630092.605244,4,544,363,3.750,76
1758630092.6524594,5,550,312,2.143,133
1758630092.7007966,3,585,290,1.827,156
1758630092.605244,4,544,363,3.750,76
1758630092.6524594,5,550,312,2.143,133
1758630092.73233,3,620,265,4.831,59
1758630092.605244,4,544,363,3.750,76
1758630092.73233,5,562,312,2.127,134
1758630092.73233,3,620,265,4.831,59
1758630092.605244,4,544,363,3.750,76
1758630092.7806208,5,585,295,1.815,157
1758630092.73233,3,620,265,4.831,59
1758630092.605244,4,544,363,3.750,76
1758630092.8121653,5,586,295,1.863,153
1758630092.73233,3,620,265,4.831,59
1758630092.8606923,4,561,342,2.794,102
1758630092.8606923,5,596,275,2.436,117
1758630092.892576,3,622,264,4.831,59
1758630092.892576,4,566,312,2.143,133
1758630092.8606923,5,596,275,2.436,117
1758630092.9412189,3,621,264,4.524,63
1758630092.9412189,4,555,341,2.740,104
1758630092.9412189,5,572,284,3.904,73
1758630092.9885557,3,619,264,4.750,60
1758630092.9885557,4,550,341,2.740,104
1758630092.9885557,5,570,284,3.958,72
1758630093.019489,3,617,264,4.672,61
1758630093.019489,4,544,341,2.740,104
1758630093.019489,5,564,280,5.182,55
1758630093.0695066,3,615,266,4.524,63
1758630093.0695066,4,546,317,2.143,133
1758630093.019489,5,564,280,5.182,55
1758630093.1002836,3,610,268,4.014,71
1758630093.1002836,4,538,318,2.159,132
1758630093.019489,5,564,280,5.182,55
1758630093.1496649,3,606,268,3.608,79
1758630093.1496649,4,524,345,2.908,98
1758630093.1496649,5,543,283,5.089,56
1758630093.1805532,3,599,269,3.434,83
1758630093.1805532,4,515,344,2.794,102
1758630093.1805532,5,531,288,6.951,41
1758630093.2279515,3,592,269,3.434,83
1758630093.2279515,4,508,346,2.822,101
1758630093.2279515,5,523,289,6.951,41
1758630093.277643,3,586,268,3.434,83
1758630093.277643,4,501,345,2.908,98
1758630093.277643,5,517,289,6.786,42
1758630093.3087091,3,579,267,3.476,82
1758630093.3087091,4,496,346,2.938,97
1758630093.277643,5,517,289,6.786,42
1758630093.3564734,3,573,265,3.476,82
1758630093.3564734,4,490,345,2.969,96
1758630093.3564734,5,502,299,6.786,42
1758630093.3896089,3,568,264,3.476,82
1758630093.3896089,4,486,344,3.000,95
1758630093.3564734,5,502,299,6.786,42
1758630093.4381588,3,564,263,3.476,82
1758630093.4381588,4,484,345,3.098,92
1758630093.3564734,5,502,299,6.786,42
1758630093.4682188,3,561,261,3.519,81
1758630093.4682188,4,482,344,3.167,90
1758630093.4682188,5,491,296,6.786,42
1758630093.5173295,3,559,260,3.519,81
1758630093.5173295,4,482,343,3.167,90
1758630093.5173295,5,490,295,7.500,38
1758630093.549186,3,559,260,3.519,81
1758630093.549186,4,481,343,3.202,89
1758630093.549186,5,489,294,6.628,43
1758630093.5987685,3,558,259,3.519,81
1758630093.5987685,4,481,343,3.276,87
1758630093.5987685,5,488,294,6.951,41
1758630093.6455116,3,558,259,3.476,82
1758630093.6455116,4,480,342,3.202,89
1758630093.5987685,5,488,294,6.951,41
1758630093.6758204,3,557,259,3.476,82
1758630093.6758204,4,480,343,3.167,90
1758630093.5987685,5,488,294,6.951,41
1758630093.7241464,3,557,259,3.519,81
1758630093.7241464,4,479,342,3.167,90
1758630093.5987685,5,488,294,6.951,41
1758630093.7565215,3,557,259,3.476,82
1758630093.7565215,4,480,342,3.167,90
1758630093.7565215,5,487,293,6.628,43
1758630093.8045983,3,556,259,3.519,81
1758630093.8045983,4,480,342,3.167,90
1758630093.7565215,5,487,293,6.628,43
1758630093.8360188,3,557,259,3.434,83
1758630093.8360188,4,479,343,3.167,90
1758630093.7565215,5,487,293,6.628,43
1758630093.8838198,3,558,260,3.476,82
1758630093.8838198,4,480,342,3.132,91
1758630093.7565215,5,487,293,6.628,43
1758630093.9324899,3,557,260,3.562,80
1758630093.9324899,4,481,342,3.167,90
1758630093.9324899,5,488,294,6.628,43
1758630093.9657645,3,558,260,3.434,83
1758630093.9657645,4,481,344,3.098,92
1758630093.9657645,5,488,293,6.628,43
1758630094.014815,3,558,260,3.434,83
1758630094.014815,4,481,343,3.098,92
1758630093.9657645,5,488,293,6.628,43
1758630094.045517,3,559,260,3.434,83
1758630094.045517,4,482,344,3.132,91
1758630093.9657645,5,488,293,6.628,43
1758630094.0931642,3,559,261,3.434,83
1758630094.0931642,4,482,344,3.098,92
1758630093.9657645,5,488,293,6.628,43
1758630094.1256075,3,560,261,3.393,84
1758630094.1256075,4,483,344,3.202,89
1758630094.1256075,5,490,296,6.333,45
1758630094.1720297,3,560,261,3.434,83
1758630094.1720297,4,484,345,3.202,89
1758630094.1720297,5,490,295,6.333,45
1758630094.2201483,3,560,260,3.434,83
1758630094.2201483,4,483,343,3.098,92
1758630094.2201483,5,495,288,5.588,51
1758630094.2526622,3,560,260,3.476,82
1758630094.2526622,4,483,343,3.098,92
1758630094.2526622,5,510,267,7.125,40
1758630094.2996483,3,561,259,3.434,83
1758630094.2996483,4,484,344,3.132,91
1758630094.2526622,5,510,267,7.125,40
1758630094.3336308,3,562,257,3.562,80
1758630094.3336308,4,485,342,3.202,89
1758630094.2526622,5,510,267,7.125,40
1758630094.3795252,3,563,253,3.476,82
1758630094.3795252,4,489,341,3.519,81
1758630094.2526622,5,510,267,7.125,40
1758630094.4118538,3,566,250,3.562,80
1758630094.4118538,4,494,339,4.130,69
1758630094.2526622,5,510,267,7.125,40
1758630094.4605384,3,568,243,3.608,79
1758630094.4605384,4,500,336,5.182,55
1758630094.2526622,5,510,267,7.125,40
1758630094.4922743,3,572,237,3.701,77
1758630094.4922743,4,502,326,3.851,74
1758630094.2526622,5,510,267,7.125,40
1758630094.5407805,3,576,232,3.608,79
1758630094.5407805,4,510,324,5.377,53
1758630094.2526622,5,510,267,7.125,40
1758630094.5910106,3,579,227,3.608,79
1758630094.5910106,4,513,318,5.089,56
1758630094.2526622,5,510,267,7.125,40
1758630094.6201005,3,581,223,3.701,77
1758630094.6201005,4,519,318,7.500,38
1758630094.6201005,5,531,228,8.143,35
1758630094.6696532,3,583,221,3.608,79
1758630094.6696532,4,518,312,5.481,52
1758630094.6201005,5,531,228,8.143,35
1758630094.6995726,3,583,220,3.654,78
1758630094.6995726,4,522,315,7.703,37
1758630094.6201005,5,531,228,8.143,35
1758630094.7477248,3,583,220,3.562,80
1758630094.7477248,4,517,307,4.385,65
1758630094.7477248,5,518,241,8.636,33
1758630094.7808604,3,583,220,3.562,80
1758630094.7808604,4,516,305,4.254,67
1758630094.7477248,5,518,241,8.636,33
1758630094.8308952,3,583,221,3.654,78
1758630094.8308952,4,516,308,4.672,61
1758630094.7477248,5,518,241,8.636,33
1758630094.8787277,3,582,221,3.654,78
1758630094.8787277,4,509,298,3.132,91
1758630094.7477248,5,518,241,8.636,33
1758630094.9086788,3,583,223,3.562,80
1758630094.9086788,4,515,308,3.958,72
1758630094.7477248,5,518,241,8.636,33
1758630094.9572847,3,584,224,3.562,80
1758630094.9572847,4,519,313,5.000,57
1758630094.7477248,5,518,241,8.636,33
1758630094.9889712,3,584,224,3.562,80
1758630094.9889712,4,524,320,7.703,37
1758630094.9889712,5,520,250,6.064,47
1758630095.0385716,3,584,225,3.519,81
1758630095.0385716,4,519,315,5.377,53
1758630095.0385716,5,516,255,6.951,41
1758630095.068029,3,584,224,3.519,81
1758630095.068029,4,519,314,5.278,54
1758630095.068029,5,516,255,6.786,42
1758630095.1154168,3,583,224,3.562,80
1758630095.1154168,4,512,304,3.276,87
1758630095.1154168,5,515,254,6.951,41
1758630095.1479259,3,583,224,3.562,80
1758630095.1479259,4,514,308,4.014,71
1758630095.1154168,5,515,254,6.951,41
1758630095.1973722,3,582,224,3.608,79
1758630095.1973722,4,516,312,4.672,61
1758630095.1973722,5,515,255,7.308,39
1758630095.245876,3,582,224,3.608,79
1758630095.245876,4,514,309,4.014,71
1758630095.245876,5,514,254,7.125,40
1758630095.276306,3,582,224,3.654,78
1758630095.276306,4,509,302,3.167,90
1758630095.276306,5,514,255,7.125,40
1758630095.3265183,3,581,224,3.608,79
1758630095.3265183,4,515,310,4.071,70
1758630095.3265183,5,515,255,6.786,42
1758630095.356124,3,584,224,3.608,79
1758630095.356124,4,516,309,4.071,70
1758630095.3265183,5,515,255,6.786,42
1758630095.4056914,3,588,222,3.654,78
1758630095.356124,4,516,309,4.071,70
1758630095.3265183,5,515,255,6.786,42
1758630095.4364276,3,598,221,3.851,74
1758630095.356124,4,516,309,4.071,70
1758630095.3265183,5,515,255,6.786,42
1758630095.4840796,3,607,218,4.014,71
1758630095.356124,4,516,309,4.071,70
1758630095.3265183,5,515,255,6.786,42
1758630095.5344338,3,614,213,5.000,57
1758630095.356124,4,516,309,4.071,70
1758630095.3265183,5,515,255,6.786,42
1758630095.5636246,3,619,211,5.588,51
1758630095.356124,4,516,309,4.071,70
1758630095.3265183,5,515,255,6.786,42
1758630095.6128907,3,624,208,7.125,40
1758630095.356124,4,516,309,4.071,70
1758630095.3265183,5,515,255,6.786,42
1758630095.6128907,3,624,208,7.125,40
1758630095.356124,4,516,309,4.071,70
1758630095.3265183,5,515,255,6.786,42
1758630095.6128907,3,624,208,7.125,40
1758630095.356124,4,516,309,4.071,70
1758630095.3265183,5,515,255,6.786,42
1758630095.6128907,3,624,208,7.125,40
1758630095.356124,4,516,309,4.071,70
1758630095.3265183,5,515,255,6.786,42
1758630095.6128907,3,624,208,7.125,40
1758630095.356124,4,516,309,4.071,70
1758630095.3265183,5,515,255,6.786,42
1758630095.6128907,3,624,208,7.125,40
1758630095.356124,4,516,309,4.071,70
1758630095.3265183,5,515,255,6.786,42
1758630095.819968,6,609,307,7.308,39
1758630095.6128907,3,624,208,7.125,40
1758630095.356124,4,516,309,4.071,70
1758630095.3265183,5,515,255,6.786,42
1758630095.8514652,6,609,310,6.786,42
1758630095.6128907,3,624,208,7.125,40
1758630095.356124,4,516,309,4.071,70
1758630095.3265183,5,515,255,6.786,42
1758630095.8514652,6,609,310,6.786,42
1758630095.6128907,3,624,208,7.125,40
1758630095.356124,4,516,309,4.071,70
1758630095.3265183,5,515,255,6.786,42
1758630095.93229,6,606,316,7.500,38
1758630095.6128907,3,624,208,7.125,40
1758630095.356124,4,516,309,4.071,70
1758630095.3265183,5,515,255,6.786,42
1758630095.9822195,6,601,319,8.382,34
1758630096.0124047,3,627,218,8.143,35
1758630095.356124,4,516,309,4.071,70
1758630095.3265183,5,515,255,6.786,42
1758630095.9822195,6,601,319,8.382,34
1758630096.0617385,3,621,222,7.308,39
1758630095.356124,4,516,309,4.071,70
1758630095.3265183,5,515,255,6.786,42
1758630095.9822195,6,601,319,8.382,34
1758630096.0931149,3,617,225,5.588,51
1758630095.356124,4,516,309,4.071,70
1758630095.3265183,5,515,255,6.786,42
1758630095.9822195,6,601,319,8.382,34
1758630096.142823,3,602,230,4.750,60
1758630095.356124,4,516,309,4.071,70
1758630095.3265183,5,515,255,6.786,42
1758630095.9822195,6,601,319,8.382,34
1758630096.1875618,3,576,234,6.196,46
1758630095.356124,4,516,309,4.071,70
1758630095.3265183,5,515,255,6.786,42
1758630095.9822195,6,601,319,8.382,34
1758630096.2206604,3,546,242,6.786,42
1758630095.356124,4,516,309,4.071,70
1758630095.3265183,5,515,255,6.786,42
1758630095.9822195,6,601,319,8.382,34
1758630096.2206604,3,546,242,6.786,42
1758630095.356124,4,516,309,4.071,70
1758630095.3265183,5,515,255,6.786,42
1758630095.9822195,6,601,319,8.382,34
1758630096.2206604,3,546,242,6.786,42
1758630095.356124,4,516,309,4.071,70
1758630095.3265183,5,515,255,6.786,42
1758630095.9822195,6,601,319,8.382,34
1758630096.2206604,3,546,242,6.786,42
1758630095.356124,4,516,309,4.071,70
1758630095.9822195,6,601,319,8.382,34
1758630096.2206604,3,546,242,6.786,42
1758630095.9822195,6,601,319,8.382,34
1758630096.2206604,3,546,242,6.786,42
1758630095.9822195,6,601,319,8.382,34
1758630096.2206604,3,546,242,6.786,42
1758630095.9822195,6,601,319,8.382,34
1758630096.2206604,3,546,242,6.786,42
1758630095.9822195,6,601,319,8.382,34
1758630096.2206604,3,546,242,6.786,42
1758630095.9822195,6,601,319,8.382,34
1758630096.2206604,3,546,242,6.786,42
1758630095.9822195,6,601,319,8.382,34
1758630096.2206604,3,546,242,6.786,42
1758630095.9822195,6,601,319,8.382,34
1758630096.2206604,3,546,242,6.786,42
1758630095.9822195,6,601,319,8.382,34
1758630096.2206604,3,546,242,6.786,42
1758630095.9822195,6,601,319,8.382,34
1758630096.2206604,3,546,242,6.786,42
1758630095.9822195,6,601,319,8.382,34
1758630096.2206604,3,546,242,6.786,42
1758630095.9822195,6,601,319,8.382,34
1758630096.2206604,3,546,242,6.786,42
1758630095.9822195,6,601,319,8.382,34
1758630096.2206604,3,546,242,6.786,42
1758630095.9822195,6,601,319,8.382,34
1758630096.2206604,3,546,242,6.786,42
1758630095.9822195,6,601,319,8.382,34
1758630096.2206604,3,546,242,6.786,42
1758630095.9822195,6,601,319,8.382,34
1758630096.2206604,3,546,242,6.786,42
1758630096.2206604,3,546,242,6.786,42
1758630096.2206604,3,546,242,6.786,42
1758630096.2206604,3,546,242,6.786,42
1758630096.2206604,3,546,242,6.786,42
1758630096.2206604,3,546,242,6.786,42
1758630097.9801245,1,526,314,7.703,37
1758630098.0278163,1,542,312,5.938,48
1758630098.0760205,1,552,310,5.182,55
1758630098.1072686,1,563,314,4.831,59
1758630098.1072686,2,512,400,6.786,42
1758630098.155638,1,572,317,7.125,40
1758630098.155638,2,510,396,5.182,55
1758630098.18754,1,562,311,4.831,59
1758630098.18754,2,508,392,4.672,61
1758630098.2353973,1,563,311,4.672,61
1758630098.2353973,2,512,403,7.308,39
1758630098.267807,1,563,312,4.672,61
1758630098.267807,2,503,392,4.385,65
1758630098.315473,1,561,311,4.254,67
1758630098.315473,2,491,375,2.794,102
1758630098.3636317,1,560,311,4.318,66
1758630098.3636317,2,490,376,2.794,102
1758630098.3950315,1,559,311,4.453,64
1758630098.3950315,2,489,374,2.794,102
1758630098.3950315,3,500,325,8.906,32
1758630098.4452503,1,558,312,4.385,65
1758630098.4452503,2,491,362,2.639,108
1758630098.3950315,3,500,325,8.906,32
1758630098.4764655,1,563,313,3.750,76
1758630098.4764655,2,490,367,2.639,108
1758630098.3950315,3,500,325,8.906,32
1758630098.524213,1,567,314,3.608,79
1758630098.524213,2,495,365,2.500,114
1758630098.3950315,3,500,325,8.906,32
1758630098.5552995,1,575,314,3.519,81
1758630098.5552995,2,492,384,2.664,107
1758630098.5552995,3,514,324,4.914,58
1758630098.6045697,1,590,318,3.393,84
1758630098.6045697,2,499,402,3.032,94
1758630098.5552995,3,514,324,4.914,58
1758630098.6045697,1,590,318,3.393,84
1758630098.6045697,2,499,402,3.032,94
1758630098.5552995,3,514,324,4.914,58
1758630098.6045697,1,590,318,3.393,84
1758630098.6045697,2,499,402,3.032,94
1758630098.5552995,3,514,324,4.914,58
1758630098.6045697,1,590,318,3.393,84
1758630098.6045697,2,499,402,3.032,94
1758630098.5552995,3,514,324,4.914,58
1758630098.6045697,1,590,318,3.393,84
1758630098.6045697,2,499,402,3.032,94
1758630098.5552995,3,514,324,4.914,58
1758630098.6045697,1,590,318,3.393,84
1758630098.6045697,2,499,402,3.032,94
1758630098.5552995,3,514,324,4.914,58
1758630098.6045697,1,590,318,3.393,84
1758630098.6045697,2,499,402,3.032,94
1758630098.5552995,3,514,324,4.914,58
1758630098.6045697,1,590,318,3.393,84
1758630098.6045697,2,499,402,3.032,94
1758630098.5552995,3,514,324,4.914,58
1758630098.6045697,1,590,318,3.393,84
1758630098.6045697,2,499,402,3.032,94
1758630098.5552995,3,514,324,4.914,58
1758630098.6045697,1,590,318,3.393,84
1758630098.6045697,2,499,402,3.032,94
1758630098.5552995,3,514,324,4.914,58
1758630098.6045697,1,590,318,3.393,84
1758630098.6045697,2,499,402,3.032,94
1758630098.5552995,3,514,324,4.914,58
1758630098.6045697,1,590,318,3.393,84
1758630098.6045697,2,499,402,3.032,94
1758630098.5552995,3,514,324,4.914,58
1758630098.6045697,1,590,318,3.393,84
1758630098.6045697,2,499,402,3.032,94
1758630098.5552995,3,514,324,4.914,58
1758630098.6045697,1,590,318,3.393,84
1758630098.6045697,2,499,402,3.032,94
1758630098.5552995,3,514,324,4.914,58
1758630098.6045697,1,590,318,3.393,84
1758630098.6045697,2,499,402,3.032,94
1758630098.5552995,3,514,324,4.914,58
1758630098.6045697,1,590,318,3.393,84
1758630098.6045697,2,499,402,3.032,94
1758630098.5552995,3,514,324,4.914,58
1758630098.6045697,1,590,318,3.393,84
1758630098.6045697,2,499,402,3.032,94
1758630098.5552995,3,514,324,4.914,58
1758630098.6045697,1,590,318,3.393,84
1758630098.6045697,2,499,402,3.032,94
1758630098.5552995,3,514,324,4.914,58
1758630098.6045697,1,590,318,3.393,84
1758630098.6045697,2,499,402,3.032,94
1758630098.5552995,3,514,324,4.914,58
1758630098.6045697,1,590,318,3.393,84
1758630098.6045697,2,499,402,3.032,94
1758630098.5552995,3,514,324,4.914,58
1758630098.6045697,1,590,318,3.393,84
1758630098.6045697,2,499,402,3.032,94
1758630098.5552995,3,514,324,4.914,58
1758630098.6045697,1,590,318,3.393,84
1758630098.6045697,2,499,402,3.032,94
1758630098.5552995,3,514,324,4.914,58
1758630098.6045697,1,590,318,3.393,84
1758630098.6045697,2,499,402,3.032,94
1758630098.5552995,3,514,324,4.914,58
1758630098.6045697,1,590,318,3.393,84
1758630098.6045697,2,499,402,3.032,94
1758630098.5552995,3,514,324,4.914,58
1758630098.6045697,1,590,318,3.393,84
1758630098.6045697,2,499,402,3.032,94
